iter	MultiClass
0	1.077247018
1	1.059063877
2	1.04087699
3	1.027698863
